2310001,ram@123
2310002,sakthi@123
2310003,sara@7272
2310004,saro@123
2310005,kala@123
2310006,bala@555r
2310007,95ttJNN
2310008,4UECxo@
2310009,jML5WIl
2310010,azpKQYi
2310011,cBfr7jU
2310012,LmXGM3t
2310013,lFg6QAR
2310014,HzhZy2L
2310015,kmNTGQy
2310016,V@YZP3D
2310017,9OwUjgQ
2310018,jF#9ky6
2310019,6aQN1Ir
2310020,tR1u1Br
2310021,z@GChSe
2310022,ram@3
2310023,sakthi@3
2310024,sara@3
2310025,nZJbuLN
2310026,ctespCM
2310027,ZKEm0UC
2310028,w60gbNH
2310029,@dm7o8h
2310030,zAp@z8b
2310031,8vmmJVv
2310032,5p7Zd0O
2310033,WuGOmmE
2310034,hvuJwln
2310035,tXLgApS
2310036,vyiynok
2310037,r@ZpltS
2310038,q7KfWpQ
2310039,zrGclUM
2310040,GzgXqrw
2310041,eDF2yIU
2310042,9ytLrmi
2310043,sGWy8XV
2310044,Awp5nrI
2310045,PZZnGUf
2310046,mytmT@o
2310047,cpBvQRR
2310048,csM8OQX
2310049,DJ2pA5U
2310050,XcgXJZt
2310051,ouVVkQo
2310052,OJRhg#f
2310053,Iwwm04D
2310054,FwUmMWP
2310055,bHKha5p
2310056,ayELDMN
2310057,EqpQ53H
2310058,p#V5tfY
2310059,S30HsJF
2310060,#K4DJk8
2310061,7rJXL2d
2310062,uW@z64p
2310063,wZTezMz
2310064,pHVUo9F
2310065,INj2yWl
2310066,wdJUZYV
2310067,z0CD8Ch
2310068,VEhaFNP
2310069,NPRIfX0
2310070,0JjChP1
2310071,iOSKIOg
2310072,e42c0c4
2310073,1jR6A40
2310074,fBuJwkB
2310075,1UChuOi
2310076,VQVzrBx
2310077,utivTu7
2310078,lgKqHzm
2310079,BT0Jc9v
2310080,jQ#2TZd
2310081,8N9KeK1
2310082,8WskWX2
2310083,UdkHfM#
2310084,f3Tj2Le
2310085,bwgdxun
2310086,OpcOuMo
2310087,om6tXdm
2310088,#YkgIcx
2310089,3XAV1Dv
2310090,k1AhlFj
2310091,Xp4U40j
2310092,M0Fa5RG
2310093,dsY3KsV
2310094,4DryP0q
2310095,ZFHrC6B
2310096,Hbku1Md
2310097,HdDtGDk
2310098,l0PXaNM
2310099,FlhsNch
2310100,JIKKxrN
2310101,M0wEtIt
2310102,4eqwj1P
2310103,89gAQru
2310104,aQWWsbt
2310105,lkqGkOJ
2310106,o238Qu8
2310107,a#dDZWA
2310108,HBU1Mhp
2310109,NoQYSdP
2310110,RKv0#K@
2310111,BiQqK47
2310112,ZVCtHOS
2310113,UQYOHAD
2310114,QpXJ49f
2310115,Ibl84Di
2310116,x4LiVlf
2310117,0FYfddn
2310118,n5LHMKY
2310119,lPJNm7w
2310120,l5j9e@l
2310121,UqM0P6h
2310122,LHbwnAc
2310123,x3vZWGJ
2310124,you#GkC
2310125,DzleKAX
2310126,Ls8O8Bk
2310127,mILb99g
2310128,BG05i53
2310129,6kQkjUB
2310130,xGaEHlK
2310131,wUryIHC
2310132,G94uK0C
2310133,WD1AqNN
2310134,3d0lpiU
2310135,tx2wyQ9
2310136,neWUKcG
2310137,xdbFjHO
2310138,w5QmLkh
2310139,VUvHlZ2
2310140,lzYw2gM
2310141,p1DC4Mi
2310142,vzCIe6L
2310143,Xn2Hyiw
2310144,qdStdJ9
2310145,p6uoOdu
2310146,QweujCK
2310147,8m@QbVL
2310148,Fg@IWa7
2310149,U6nyfvE
2310150,V#shqhD
2310151,cPmnmIV
2310152,Gwkp#S5
2310153,ythnhYK
2310154,oKtWrRk
2310155,MMyI1Zd
2310156,dLGYw4f
2310157,#@3ZOy5
2310158,xCvjKpn
2310159,n7q09zI
2310160,ruHDfBv
2310161,Zn5NzXk
2310162,sMcSYfJ
2310163,qkXgUPL
2310164,NIlpkJh
2310165,lXtxp7h
2310166,YsyPloE
2310167,#IyqPeA
2310168,HqTRMea
2310169,CpKZLe9
2310170,SGLfJfU
2310171,cDQJB3p
2310172,Y08ronF
2310173,KRcgfvI
2310174,Z3s@5ih
2310175,RbIKzIg
2310176,EZrh47A
2310177,4HxcH71
2310178,LcRwGzA
2310179,LYSv8kV
2310180,MEv97o7
2310181,Q0sLb3G
2310182,p4Yuhz3
2310183,DTVR85G
2310184,NF6870j
2310185,Z9njEXq
2310186,J6U5fVz
2310187,V4uu8gr
2310188,rshhWPB
2310189,Jxa850n
2310190,wTnnnuY
2310191,Ylh#V2R
2310192,oWYiRCP
2310193,cqm4F8k
2310194,xNROSVe
2310195,wpTucke
2310196,tX4N4Vw
2310197,yAqE3vK
2310198,wAsvZuL
2310199,6SIWigm
2310200,bH53Zq3
2310201,eHLfQhd
2310202,Grl6hd1
2310203,9WbKxV5
2310204,cGl2Zfe
2310205,vuSQh27
2310206,9yPQ6LT
2310207,DT0g0w#
2310208,FQNF0hq
2310209,kRXeNyJ
2310210,AOHG63g
2310211,Plt#Pp7
2310212,wxiFQ1z
2310213,Kbb3PUG
2310214,JbM##gg
2310215,XyN8U@Z
2310216,2sbAQwq
2310217,nLbZzU@
2310218,dsds5uG
2310219,G0gWuSK
2310220,NobXjjc
2310221,D@QZGaT
2310222,fjOH97#
2310223,Qj1bwe4
2310224,35rlYQD
2310225,Ru3qibI
2310226,p#yciaX
2310227,YvX1BK@
2310228,w69NrKI
2310229,B9h5UIJ
2310230,tnSrX5a
2310231,W3iTcPN
2310232,nuT6lUO
2310233,f9nYcQ7
2310234,9qqETnZ
2310235,RBDebcw
2310236,YKCnqJQ
2310237,zMPBX3s
2310238,vnhrep6
2310239,JvQNmAW
2310240,CRGVJ7O
2310241,tB0XvVk
2310242,6bSgLp3
2310243,qfUVS@m
2310244,tvc19mj
2310245,P2HKnVw
2310246,TcA@lbE
2310247,Hi0Qbei
2310248,2N3O5kv
2310249,ZHmZhv6
2310250,bKW2n8e
2310251,jEm@sY8
2310252,d9jUfJh
2310253,2weJfV0
2310254,4rZDHVT
2310255,uuj0gRm
2310256,vMsz6fe
2310257,1VbcjVo
2310258,uc@czSz
2310259,0cIcpe9
2310260,yMk80DM
2310261,@97r9aI
2310262,Ac6d1At
2310263,DGyqz8M
2310264,tM4s#ag
2310265,9fixN6y
2310266,lIK97Yo
2310267,3O@TuA8
2310268,hMUtJXI
2310269,3XDBvsC
2310270,82TmntA
2310271,MAW6Mx7
2310272,8NxuHFk
2310273,XK@dUsE
2310274,b7uQxPk
2310275,oiy2p9V
2310276,UcE#nkh
2310277,#yWr8fy
2310278,bhx7w1L
2310279,aqSnU@O
2310280,mkHhL0Y
2310281,H851KvB
2310282,W9APh2h
2310283,Ja8KS@y
2310284,rejgFEP
2310285,1XfCC93
2310286,UoVaBQ6
2310287,ErVlE7J
2310288,E78bujW
2310289,Dfhl7AD
2310290,ttvARN2
2310291,DL7FY67
2310292,uGq8e1N
2310293,QOmOnYW
2310294,oH4iWjq
2310295,SRdVzLf
2310296,UZBfODP
2310297,MmR7NWc
2310298,cOQq56u
2310299,acHK2k9
2310300,J49@O0q
2310301,Lkare0K
2310302,F34U5WV
2310303,hhz@n6@
2310304,5hDz8O6
2310305,oyc4lHK
2310306,a3skRjw
2310307,ZpavY0H
2310308,GPRiGAS
2310309,NBlBO3r
2310310,1nnCbo5
2310311,JSE9DUi
2310312,1Hg8hjl
2310313,8vJH2T6
2310314,4cm7DD2
2310315,xo7f#a6
2310316,o51F2D5
2310317,TT8wLoY
2310318,udgfd0E
2310319,z6iI9KE
2310320,6wW@lIl
2310321,nj37LYc
2310322,AJ3pr8B
2310323,wXV76tl
2310324,9stROmP
2310325,QGE7NTs
2310326,7VdPa0P
2310327,lUZWR#x
2310328,7Fz#pfc
2310329,AvbFqjk
2310330,PptYH@t
2310331,gXGfqXU
2310332,I95JCCM
2310333,YqNUf@6
2310334,ULXQruV
2310335,#T2ixxD
2310336,14S0#q8
2310337,mnyEn6u
2310338,ekzSQBb
2310339,su@qPkh
2310340,J0HvHg9
2310341,Lddgygn
2310342,B3U5gdH
2310343,5sbZ0dM
2310344,DfwuO83
2310345,zl8tXwE
2310346,JbRRxlU
2310347,SYmaK9r
2310348,I4syZSh
2310349,PPNWphX
2310350,bLqubxM
2310351,r6CRQvw
2310352,wdclNn3
2310353,YVgjFQt
2310354,GPtcdsj
2310355,U1Jbenr
2310356,Am4PpBh
2310357,O7MaT9#
2310358,D#f2cCk
2310359,SWpZPiO
2310360,h8rKK3Q
2310361,9mFitdd
2310362,bmiLxY8
2310363,fpotdQN
2310364,LoxGk26
2310365,teeu2Ou
2310366,Y#C1XOE
2310367,3LvvyOS
2310368,rvSi3xi
2310369,0JtTo5B
2310370,NsXoPFX
2310371,fJtAYqV
2310372,OduR9HN
2310373,g8EKFGE
2310374,8nHivw@
2310375,41oy3yi
2310376,g##Kvr7
2310377,#1ip5BZ
2310378,Qzgyaoz
2310379,Q7YqK1S
2310380,i3SQEiv
2310381,ofNA5N7
2310382,TkfOiOH
2310383,KjtryZq
2310384,AsuaF0o
2310385,QbjX#wf
2310386,eeAVT5a
2310387,3OQgxgV
2310388,RiMCNkc
2310389,z5ivXMd
2310390,MnXzBcu
2310391,8LVvuyN
2310392,ZLeEjs6
2310393,HlHcz#n
2310394,hfoGSpg
2310395,Tc3Say0
2310396,e8dBfXy
2310397,6dmvPht
2310398,4M3zoB@
2310399,MEhwObE
2310400,iuPnWTQ
2310401,cbdycC2
2310402,biYT4pd
2310403,9EMewBW
2310404,j8bG1HQ
2310405,pVLT16p
2310406,ofzWO73
2310407,dUE#U8c
2310408,ctFxqNU
2310409,O7hoitB
2310410,tcz8#mg
2310411,QuX2xJz
2310412,fT3RY1B
2310413,ois3ipq
2310414,FB31gBX
2310415,f26Yq13
2310416,h8FmsvK
2310417,cqqnqv2
2310418,OeUQ8W8
2310419,IYmVBL7
2310420,6a8IsIU
2310421,ppe7f#3
2310422,Um6cbTH
2310423,lRup4if
2310424,dzy0yQd
2310425,7ZPV@B3
2310426,DrJvNhi
2310427,gxCfQfp
2310428,srwD5wv
2310429,iRoUaTx
2310430,Wq3YwGB
2310431,Fb6yoWs
2310432,PJ1HBSU
2310433,AvHfZDM
2310434,AIlHjvB
2310435,z995TCE
2310436,aXqIPP#
2310437,sB7zUGF
2310438,PHtUY4s
2310439,ubQ9dTl
2310440,ya4zR0D
2310441,D1vkB60
2310442,RmD2QUC
2310443,eg69fYX
2310444,h95KwWS
2310445,S9AON8u
2310446,3yIhEaq
2310447,cwz7RyG
2310448,RjdGRN2
2310449,xWy6v2W
2310450,vpcM1PS
2310451,iPAkjb@
2310452,TEtfLXt
2310453,VGdqPyO
2310454,dE6YhNI
2310455,mjf2p8u
2310456,0K#vXX8
2310457,29UiUwF
2310458,jGFFXV@
2310459,HxQE2rg
2310460,8My41Ty
2310461,1jEEgKw
2310462,q211Tim
2310463,ealzkaG
2310464,6pBoRCb
2310465,RbvmrHB
2310466,BD@dxud
2310467,BG#6utn
2310468,Idfpz36
2310469,jMKzPxK
2310470,E40l9OY
2310471,4aAOlUR
2310472,LBD6nx2
2310473,n@zhrIM
2310474,fqRB75O
2310475,4L9IamI
2310476,oyy22Iv
2310477,x@NBLYG
2310478,itu2ArA
2310479,gKMy5dB
2310480,vzoUR@O
2310481,kRasOOF
2310482,KxMi4No
2310483,iJuES45
2310484,vXi0SDv
2310485,UFbnze5
2310486,V2lcPfx
2310487,p4JWHw5
2310488,cOND@pf
2310489,l5IkSsN
2310490,DbTrZP0
2310491,Ml#oL53
2310492,nKgLxDx
2310493,NlLa9HM
2310494,QcMKfpu
2310495,6eQ2bpY
2310496,SdQJQ9O
2310497,Mo1#4kM
2310498,0Wu8Fmi
2310499,uvz7Fz6
2310500,qS7x0KI
2310501,xLtfGWK
2310502,RpFQeBQ
2310503,WpkK@FN
2310504,v79fLco
2310505,WxjLEdj
2310506,FSgRFVB
2310507,KY8XW47
2310508,o#h#DGi
2310509,3GdPd1f
2310510,IhmainH
2310511,x89aFoP
2310512,XQGTjkK
2310513,UtLiQeT
2310514,t8EO6g4
2310515,sE5SWWL
2310516,l0O4sny
2310517,RObWsu3
2310518,#EaBpOv
2310519,LtRc#8I
2310520,fQO066o
2310521,zorgjyI
2310522,eRVvuwW
2310523,JMmiKU9
2310524,W6F0LZD
2310525,9eR0CsR
2310526,PpiJOUc
2310527,aipGmP1
2310528,Yr7D7XB
2310529,aegnJjX
2310530,@VOL4Lo
2310531,DTazFM8
2310532,DYhknbQ
2310533,wTxlac2
2310534,ujZKpg@
2310535,lHhb1a#
2310536,3@gsqcK
2310537,hpGsjRj
2310538,3OJ88l4
2310539,u5bRPsG
2310540,P25rt7U
2310541,hHb3Lwh
2310542,nVMqmas
2310543,bAnGyzD
2310544,FUvqb0i
2310545,CxVsjNk
2310546,vrOAfLo
2310547,VOPs70Z
2310548,@dP0UO1
2310549,QJedR7S
2310550,JWALYAo
2310551,qZvuXxL
2310552,h#SbnAX
2310553,9pXXsCC
2310554,DvXOR#L
2310555,unj@Hk6
2310556,fsz0ADU
2310557,5MkS1lz
2310558,GS4Blf@
2310559,uyCkUk6
2310560,x9P#Vvg
2310561,hOi9Czo
2310562,9GVw8Sx
2310563,Slz7jaf
2310564,1njwn6w
2310565,HB#d4SC
2310566,4hfR5#t
2310567,5Dg471P
2310568,p98e31y
2310569,UtuPlMe
2310570,U2JAo6r
2310571,m08sTUu
2310572,NezNxSQ
2310573,dVYTX6M
2310574,gVdcHL#
2310575,xewg5#P
2310576,kx259S#
2310577,#EHO0VK
2310578,Qwm9GpH
2310579,5fHw8VO
2310580,fguqukl
2310581,Ja1prwn
2310582,EaqtaiX
2310583,D4CMXtm
2310584,1qFGNmQ
2310585,fkBz6D6
2310586,SXWI31B
2310587,Yvi@3QE
2310588,TN46had
2310589,o6HTOkS
2310590,uwB3LeP
2310591,Y4RXHZX
2310592,bEN4gfL
2310593,d5rkRgu
2310594,nkEkDA1
2310595,Q9qJaBa
2310596,MzOHrp8
2310597,QTyfVud
2310598,jo3QoSv
2310599,bpq9p9N
2310600,gWzoa7f
2310601,ZzGCt@E
2310602,UGsWCrP
2310603,C4H14Qw
2310604,6dGE6xB
2310605,ytOPqLi
2310606,SdRc1x1
2310607,w4I#aGA
2310608,bw9vKuy
2310609,vS492lE
2310610,jOtuDj6
2310611,#CqhV4v
2310612,RG63uzQ
2310613,TbFNlVu
2310614,dSwW4Qg
2310615,uBP4sxd
2310616,Fnjv3PD
2310617,GYKFG9g
2310618,VWaL9On
2310619,v7#XpHT
2310620,@9ffeUB
2310621,sxEer2G
2310622,IwMFtGt
2310623,um#IYZ3
2310624,Fee7yb3
2310625,eskAZ#v
2310626,L4e#BJz
2310627,NoJ6JZH
2310628,@ICpQYm
2310629,CJLzFCx
2310630,FwAFE4T
2310631,NescSzb
2310632,7QX2J#L
2310633,IvT3uAu
2310634,4ENbQPM
2310635,g4NUP68
2310636,kaXH8sd
2310637,GBZoIPS
2310638,LPQ#51T
2310639,iYzrEUv
2310640,bEMQQL0
2310641,XLD985#
2310642,7bbj4We
2310643,Lh9eCDk
2310644,qMCtrdy
2310645,nTYz0rc
2310646,sAJJION
2310647,IWhvhck
2310648,EnOtYzD
2310649,ogXwSXE
2310650,sCTp3NU
2310651,lY8buVL
2310652,ANWWJIP
2310653,R@bzVUd
2310654,Yqry9zM
2310655,iYhnnxq
2310656,taGwmq7
2310657,#XGBmo3
2310658,VHaLE#p
2310659,lNHCxRq
2310660,6vNRIO2
2310661,pCuBOGG
2310662,xa7fugp
2310663,lOsUNb2
2310664,tqIQvnr
2310665,u3OIxA9
2310666,ygfH7Uy
2310667,8@wnV0x
2310668,I5NVqCD
2310669,WYNcMG6
2310670,uDTXxIq
2310671,FtjLzDT
2310672,aaUUsyf
2310673,@v15Y4N
2310674,YiuQvcN
2310675,WmaRw74
2310676,9#L8K5O
2310677,SIg#r1U
2310678,JUrGiIg
2310679,G4jYGWm
2310680,1S01ior
2310681,yqH9Ojn
2310682,KYfBcAM
2310683,EXsVsm0
2310684,C5jkBZJ
2310685,T4nKqGQ
2310686,u23uXFp
2310687,N4n0NeY
2310688,SUf3oj#
2310689,Wn1i0#z
2310690,O058H3F
2310691,jOO9bhT
2310692,9wgkiqz
2310693,3A7YY5g
2310694,WG#lZM6
2310695,qxbXtx7
2310696,av8zWH7
2310697,rSObnlK
2310698,V4aCv6b
2310699,W6@ytBw
2310700,@qRpQ0C
2310701,E6hEH#O
2310702,La5twz7
2310703,kxsupHm
2310704,xbSf8qc
2310705,Y5jJvGx
2310706,TUUS6wk
2310707,JWKYOhE
2310708,4jgx6l4
2310709,H5ubSEx
2310710,VTnaM0p
2310711,hna35iI
2310712,nD#dWI3
2310713,m3Q5BRG
2310714,p4s6zN5
2310715,zI#SAWp
2310716,KEkM@i6
2310717,ByXjrhA
2310718,6v7O9as
2310719,V@PUr2m
2310720,kovPKJu
2310721,CIC#Mi0
2310722,RDeur#M
2310723,9E@hqJI
2310724,2bENwjj
2310725,WM#YxWg
2310726,uYX6HOJ
2310727,b63KpVA
2310728,CFC4siW
2310729,EBLgm8d
2310730,3yE5cXk
2310731,9dUzJ8g
2310732,PJxooVR
2310733,pk46zhZ
2310734,abcd123
